variable,chi_square_p,cramers_v
category,0.7981182547317631,0
brand,0.17820167015718377,0.03826
season,0.04896692430129836,0.04727
size,0.7944152553420492,0
color,0.6777948577691255,0
discounted,0.5887223269035177,0
price_discrepancy,0.9999999999999547,0
