variable,t_p_value,wilcox_p_value,cohen_d
original_price,0.47295020590042236,0.3760999959203692,-0.04375500018216762
markdown_percentage,0.511823205067272,0.5038718459292459,0.03936065532367198
current_price,0.32334761190885286,0.2706668146822606,-0.05963823905938309
stock_quantity,0.08324006129255306,0.09394668301678735,0.1021768532538693
customer_rating,0.911990132428738,0.9613496057435876,-0.006416642134285149
discount_amount,0.576098932033177,0.491417375713609,0.0346174085963069
profit_margin,0.576098932033177,0.491417375713609,-0.0346174085963069
